Workbook

Sheet Tabla
B1: Tabla Canal Digital | D1: 2 | M1: 2 | N1: 2 | W1: 3 | AF1: 2 | AO1: -2 | AX1: -2 | AZ1: -3 | BI1: -2
B2: Coordinador | C2: Pais | D2: 1. Asistencia mínima del 90% a las sesiones | M2: 2. Mejor decoración | N2: 3. Certificaciones o evaluaciones > 90 | W2: 4. Mejora de indicadores de Calidad | AF2: 5. Lectura Gestor Alertas | AO2: 6. Ausencias a actividades de formación | AX2: 7. Bajo desempeño en certificaciones | AZ2: 8. Reincidencia en errores | BI2: 9. No lectura de Gestor de Alertas
D3: S1 | E3: S2 | F3: S3 | G3: S4 | H3: S5 | I3: S6 | J3: S7 | K3: S8 | L3: S9 | M3: U | N3: S1 | O3: S2 | P3: S3 | Q3: S4 | R3: S5 | S3: S6 | T3: S7 | U3: S8 | V3: S9 | W3: S1 | X3: S2 | Y3: S3 | Z3: S4 | AA3: S5 | AB3: S6 | AC3: S7 | AD3: S8 | AE3: S9 | AF3: S1 | AG3: S2 | AH3: S3 | AI3: S4 | AJ3: S5 | AK3: S6 | AL3: S7 | AM3: S8 | AN3: S9 | AO3: S1 | AP3: S2 | AQ3: S3 | AR3: S4 | AS3: S5 | AT3: S6 | AU3: S7 | AV3: S8 | AW3: S9 | AX3: C1 | AY3: C2 | AZ3: S1 | BA3: S2 | BB3: S3 | BC3: S4 | BD3: S5 | BE3: S6 | BF3: S7 | BG3: S8 | BH3: S9 | BI3: S1 | BJ3: S2 | BK3: S3 | BL3: S4 | BM3: S5 | BN3: S6 | BO3: S7 | BP3: S8 | BQ3: S9
B4: Castellanos Rincon Diana Milena | C4: Suiza | D4: 1 | E4: 1 | F4: 1 | G4: 1 | H4: 1 | I4: 1 | J4: 1 | K4: 1 | L4: 1 | M4: 1 | N4: 1 | O4: 1 | P4: 1 | Q4: 1 | R4: 1 | S4: 1 | T4: 1 | U4: 1 | V4: 1 | W4: 1 | X4: 1 | Y4: 1 | Z4: 1 | AA4: 1 | AB4: 1 | AC4: 1 | AD4: 1 | AE4: 1 | AF4: 1 | AG4: 1 | AH4: 1 | AI4: 1 | AJ4: 1 | AK4: 1 | AL4: 1 | AM4: 1 | AN4: 1 | AO4: 1 | AP4: 1 | AQ4: 1 | AR4: 1 | AS4: 1 | AT4: 1 | AU4: 1 | AV4: 1 | AW4: 1 | AX4: 1 | AY4: 1 | AZ4: 1
B5: Martinez Azuaje Juan Daniel | C5: México
B6: Sanabria Rivera Lizeth Valeria | C6: Marruecos
B7: Suarez Vasquez Andrea Carolina | C7: Países Bajos
B8: Murillo Torres Andres Leonardo | C8: Uruguay
B9: Juan David Acevedo Vargas | C9: Colombia
B10: Randy Felipe Duran Bernal | C10: Brasil
B11: Jeyson Arturo Ruiz | C11: Portugal
B12: Camilo Andrey Gomez | C12: Senegal
B13: Jhon Fredy Amaya Orduña | C13: Argentina
B15: Tabla Canal Telefónico | D15: 2 | M15: 2 | N15: 2 | W15: 3 | AF15: 2 | AO15: -2 | AX15: -2 | AZ15: -3 | BI15: -2
B16: Coordinador | C16: Pais | D16: 1. Asistencia mínima del 90% a las sesiones | M16: 2. Mejor decoración | N16: 3. Certificaciones o evaluaciones > 90 | W16: 4. Mejora de indicadores de Calidad | AF16: 5. Lectura Gestor Alertas | AO16: 6. Ausencias a actividades de formación | AX16: 7. Bajo desempeño en certificaciones | AZ16: 8. Reincidencia en errores | BI16: 9. No lectura de Gestor de Alertas
D17: S1 | E17: S2 | F17: S3 | G17: S4 | H17: S5 | I17: S6 | J17: S7 | K17: S8 | L17: S9 | M17: U | N17: S1 | O17: S2 | P17: S3 | Q17: S4 | R17: S5 | S17: S6 | T17: S7 | U17: S8 | V17: S9 | W17: S1 | X17: S2 | Y17: S3 | Z17: S4 | AA17: S5 | AB17: S6 | AC17: S7 | AD17: S8 | AE17: S9 | AF17: S1 | AG17: S2 | AH17: S3 | AI17: S4 | AJ17: S5 | AK17: S6 | AL17: S7 | AM17: S8 | AN17: S9 | AO17: S1 | AP17: S2 | AQ17: S3 | AR17: S4 | AS17: S5 | AT17: S6 | AU17: S7 | AV17: S8 | AW17: S9 | AX17: C1 | AY17: C2 | AZ17: S1 | BA17: S2 | BB17: S3 | BC17: S4 | BD17: S5 | BE17: S6 | BF17: S7 | BG17: S8 | BH17: S9 | BI17: S1 | BJ17: S2 | BK17: S3 | BL17: S4 | BM17: S5 | BN17: S6 | BO17: S7 | BP17: S8 | BQ17: S9
B18: Diana Maria Galvis Caicedo | C18: Canadá
B19: Murcia Galindo Mateo Esteban | C19: Alemania
B20: Bogota Ortiz Mary Elizabeth | C20: Francia
B21: Pachon Cabra Diego Alejandro | C21: Inglaterra
B22: Melo Perez Olga | C22: España
B23: Barrero Cristancho Julian Camilo | C23: Bélgica
B24: Maria Catalina Vargas Sanchez | C24: Corea Del Sur
B25: Jessica Andrea Diaz Hernandez | C25: Croacia

Sheet Resultados
B2: Tabla Canal Digital
B3: Coordinador | C3: Pais | E3: 1 | F3: 2 | H3: 3 | J3: 4 | L3: 5 | N3: 6 | P3: 7 | R3: 8 | T3: 9 | U3: Total
B5: Castellanos Rincon Diana Milena | C5: Suiza | D5: =SUM(Tabla!D4:L4) -> 9 | E5: =D5*Tabla!$D$1 -> 18 | F5: =Tabla!M4*Tabla!$M$1 -> 2 | G5: =SUM(Tabla!N4:V4) -> 9 | H5: =G5*Tabla!$N$1 -> 18 | I5: =SUM(Tabla!W4:AE4) -> 9 | J5: =I5*Tabla!$W$1 -> 27 | K5: =SUM(Tabla!AF4:AN4) -> 9 | L5: =K5*Tabla!$AF$1 -> 18 | M5: =SUM(Tabla!AO4:AW4) -> 9 | N5: =M5*Tabla!$AO$1 -> -18 | O5: =SUM(Tabla!AX4:AY4) -> 2 | P5: =O5*Tabla!$AX$1 -> -4 | Q5: =SUM(Tabla!AZ4:BH4) -> 1 | R5: =Q5*Tabla!$AZ$1 -> -3 | S5: =SUM(Tabla!BI4:BQ4) -> 0 | T5: =S5*Tabla!$BI$1 -> 0 | U5: =SUM(E5,F5,H5,J5,L5,N5,P5,R5,T5,) -> 58
B6: Martinez Azuaje Juan Daniel | C6: México | D6: =SUM(Tabla!D5:L5) -> 0 | E6: =D6*Tabla!$D$1 -> 0 | F6: =Tabla!M5*Tabla!$M$1 -> 0 | G6: =SUM(Tabla!N5:V5) -> 0 | H6: =G6*Tabla!$N$1 -> 0 | I6: =SUM(Tabla!W5:AE5) -> 0 | J6: =I6*Tabla!$W$1 -> 0 | K6: =SUM(Tabla!AF5:AN5) -> 0 | L6: =K6*Tabla!$AF$1 -> 0 | M6: =SUM(Tabla!AO5:AW5) -> 0 | N6: =M6*Tabla!$AO$1 -> 0 | O6: =SUM(Tabla!AX5:AY5) -> 0 | P6: =O6*Tabla!$AX$1 -> 0 | Q6: =SUM(Tabla!AZ5:BH5) -> 0 | R6: =Q6*Tabla!$AZ$1 -> 0 | S6: =SUM(Tabla!BI5:BQ5) -> 0 | T6: =S6*Tabla!$BI$1 -> 0 | U6: =SUM(E6,F6,H6,J6,L6,N6,P6,R6,T6,) -> 0
B7: Sanabria Rivera Lizeth Valeria | C7: Marruecos | D7: =SUM(Tabla!D6:L6) -> 0 | E7: =D7*Tabla!$D$1 -> 0 | F7: =Tabla!M6*Tabla!$M$1 -> 0 | G7: =SUM(Tabla!N6:V6) -> 0 | H7: =G7*Tabla!$N$1 -> 0 | I7: =SUM(Tabla!W6:AE6) -> 0 | J7: =I7*Tabla!$W$1 -> 0 | K7: =SUM(Tabla!AF6:AN6) -> 0 | L7: =K7*Tabla!$AF$1 -> 0 | M7: =SUM(Tabla!AO6:AW6) -> 0 | N7: =M7*Tabla!$AO$1 -> 0 | O7: =SUM(Tabla!AX6:AY6) -> 0 | P7: =O7*Tabla!$AX$1 -> 0 | Q7: =SUM(Tabla!AZ6:BH6) -> 0 | R7: =Q7*Tabla!$AZ$1 -> 0 | S7: =SUM(Tabla!BI6:BQ6) -> 0 | T7: =S7*Tabla!$BI$1 -> 0 | U7: =SUM(E7,F7,H7,J7,L7,N7,P7,R7,T7,) -> 0
B8: Suarez Vasquez Andrea Carolina | C8: Países Bajos | D8: =SUM(Tabla!D7:L7) -> 0 | E8: =D8*Tabla!$D$1 -> 0 | F8: =Tabla!M7*Tabla!$M$1 -> 0 | G8: =SUM(Tabla!N7:V7) -> 0 | H8: =G8*Tabla!$N$1 -> 0 | I8: =SUM(Tabla!W7:AE7) -> 0 | J8: =I8*Tabla!$W$1 -> 0 | K8: =SUM(Tabla!AF7:AN7) -> 0 | L8: =K8*Tabla!$AF$1 -> 0 | M8: =SUM(Tabla!AO7:AW7) -> 0 | N8: =M8*Tabla!$AO$1 -> 0 | O8: =SUM(Tabla!AX7:AY7) -> 0 | P8: =O8*Tabla!$AX$1 -> 0 | Q8: =SUM(Tabla!AZ7:BH7) -> 0 | R8: =Q8*Tabla!$AZ$1 -> 0 | S8: =SUM(Tabla!BI7:BQ7) -> 0 | T8: =S8*Tabla!$BI$1 -> 0 | U8: =SUM(E8,F8,H8,J8,L8,N8,P8,R8,T8,) -> 0
B9: Murillo Torres Andres Leonardo | C9: Uruguay | D9: =SUM(Tabla!D8:L8) -> 0 | E9: =D9*Tabla!$D$1 -> 0 | F9: =Tabla!M8*Tabla!$M$1 -> 0 | G9: =SUM(Tabla!N8:V8) -> 0 | H9: =G9*Tabla!$N$1 -> 0 | I9: =SUM(Tabla!W8:AE8) -> 0 | J9: =I9*Tabla!$W$1 -> 0 | K9: =SUM(Tabla!AF8:AN8) -> 0 | L9: =K9*Tabla!$AF$1 -> 0 | M9: =SUM(Tabla!AO8:AW8) -> 0 | N9: =M9*Tabla!$AO$1 -> 0 | O9: =SUM(Tabla!AX8:AY8) -> 0 | P9: =O9*Tabla!$AX$1 -> 0 | Q9: =SUM(Tabla!AZ8:BH8) -> 0 | R9: =Q9*Tabla!$AZ$1 -> 0 | S9: =SUM(Tabla!BI8:BQ8) -> 0 | T9: =S9*Tabla!$BI$1 -> 0 | U9: =SUM(E9,F9,H9,J9,L9,N9,P9,R9,T9,) -> 0
B10: Juan David Acevedo Vargas | C10: Colombia | D10: =SUM(Tabla!D9:L9) -> 0 | E10: =D10*Tabla!$D$1 -> 0 | F10: =Tabla!M9*Tabla!$M$1 -> 0 | G10: =SUM(Tabla!N9:V9) -> 0 | H10: =G10*Tabla!$N$1 -> 0 | I10: =SUM(Tabla!W9:AE9) -> 0 | J10: =I10*Tabla!$W$1 -> 0 | K10: =SUM(Tabla!AF9:AN9) -> 0 | L10: =K10*Tabla!$AF$1 -> 0 | M10: =SUM(Tabla!AO9:AW9) -> 0 | N10: =M10*Tabla!$AO$1 -> 0 | O10: =SUM(Tabla!AX9:AY9) -> 0 | P10: =O10*Tabla!$AX$1 -> 0 | Q10: =SUM(Tabla!AZ9:BH9) -> 0 | R10: =Q10*Tabla!$AZ$1 -> 0 | S10: =SUM(Tabla!BI9:BQ9) -> 0 | T10: =S10*Tabla!$BI$1 -> 0 | U10: =SUM(E10,F10,H10,J10,L10,N10,P10,R10,T10,) -> 0
B11: Randy Felipe Duran Bernal | C11: Brasil | D11: =SUM(Tabla!D10:L10) -> 0 | E11: =D11*Tabla!$D$1 -> 0 | F11: =Tabla!M10*Tabla!$M$1 -> 0 | G11: =SUM(Tabla!N10:V10) -> 0 | H11: =G11*Tabla!$N$1 -> 0 | I11: =SUM(Tabla!W10:AE10) -> 0 | J11: =I11*Tabla!$W$1 -> 0 | K11: =SUM(Tabla!AF10:AN10) -> 0 | L11: =K11*Tabla!$AF$1 -> 0 | M11: =SUM(Tabla!AO10:AW10) -> 0 | N11: =M11*Tabla!$AO$1 -> 0 | O11: =SUM(Tabla!AX10:AY10) -> 0 | P11: =O11*Tabla!$AX$1 -> 0 | Q11: =SUM(Tabla!AZ10:BH10) -> 0 | R11: =Q11*Tabla!$AZ$1 -> 0 | S11: =SUM(Tabla!BI10:BQ10) -> 0 | T11: =S11*Tabla!$BI$1 -> 0 | U11: =SUM(E11,F11,H11,J11,L11,N11,P11,R11,T11,) -> 0
B12: Jeyson Arturo Ruiz | C12: Portugal | D12: =SUM(Tabla!D11:L11) -> 0 | E12: =D12*Tabla!$D$1 -> 0 | F12: =Tabla!M11*Tabla!$M$1 -> 0 | G12: =SUM(Tabla!N11:V11) -> 0 | H12: =G12*Tabla!$N$1 -> 0 | I12: =SUM(Tabla!W11:AE11) -> 0 | J12: =I12*Tabla!$W$1 -> 0 | K12: =SUM(Tabla!AF11:AN11) -> 0 | L12: =K12*Tabla!$AF$1 -> 0 | M12: =SUM(Tabla!AO11:AW11) -> 0 | N12: =M12*Tabla!$AO$1 -> 0 | O12: =SUM(Tabla!AX11:AY11) -> 0 | P12: =O12*Tabla!$AX$1 -> 0 | Q12: =SUM(Tabla!AZ11:BH11) -> 0 | R12: =Q12*Tabla!$AZ$1 -> 0 | S12: =SUM(Tabla!BI11:BQ11) -> 0 | T12: =S12*Tabla!$BI$1 -> 0 | U12: =SUM(E12,F12,H12,J12,L12,N12,P12,R12,T12,) -> 0
B13: Camilo Andrey Gomez | C13: Senegal | D13: =SUM(Tabla!D12:L12) -> 0 | E13: =D13*Tabla!$D$1 -> 0 | F13: =Tabla!M12*Tabla!$M$1 -> 0 | G13: =SUM(Tabla!N12:V12) -> 0 | H13: =G13*Tabla!$N$1 -> 0 | I13: =SUM(Tabla!W12:AE12) -> 0 | J13: =I13*Tabla!$W$1 -> 0 | K13: =SUM(Tabla!AF12:AN12) -> 0 | L13: =K13*Tabla!$AF$1 -> 0 | M13: =SUM(Tabla!AO12:AW12) -> 0 | N13: =M13*Tabla!$AO$1 -> 0 | O13: =SUM(Tabla!AX12:AY12) -> 0 | P13: =O13*Tabla!$AX$1 -> 0 | Q13: =SUM(Tabla!AZ12:BH12) -> 0 | R13: =Q13*Tabla!$AZ$1 -> 0 | S13: =SUM(Tabla!BI12:BQ12) -> 0 | T13: =S13*Tabla!$BI$1 -> 0 | U13: =SUM(E13,F13,H13,J13,L13,N13,P13,R13,T13,) -> 0
B14: Jhon Fredy Amaya Orduña | C14: Argentina | D14: =SUM(Tabla!D13:L13) -> 0 | E14: =D14*Tabla!$D$1 -> 0 | F14: =Tabla!M13*Tabla!$M$1 -> 0 | G14: =SUM(Tabla!N13:V13) -> 0 | H14: =G14*Tabla!$N$1 -> 0 | I14: =SUM(Tabla!W13:AE13) -> 0 | J14: =I14*Tabla!$W$1 -> 0 | K14: =SUM(Tabla!AF13:AN13) -> 0 | L14: =K14*Tabla!$AF$1 -> 0 | M14: =SUM(Tabla!AO13:AW13) -> 0 | N14: =M14*Tabla!$AO$1 -> 0 | O14: =SUM(Tabla!AX13:AY13) -> 0 | P14: =O14*Tabla!$AX$1 -> 0 | Q14: =SUM(Tabla!AZ13:BH13) -> 0 | R14: =Q14*Tabla!$AZ$1 -> 0 | S14: =SUM(Tabla!BI13:BQ13) -> 0 | T14: =S14*Tabla!$BI$1 -> 0 | U14: =SUM(E14,F14,H14,J14,L14,N14,P14,R14,T14,) -> 0
B16: Tabla Canal Telefónico
B17: Coordinador | C17: Pais | E17: 1 | F17: 2 | H17: 3 | J17: 4 | L17: 5 | N17: 6 | P17: 7 | R17: 8 | T17: 9 | U17: Total
B19: Diana Maria Galvis Caicedo | C19: Canadá | D19: =SUM(Tabla!D18:L18) -> 0 | E19: =D19*Tabla!$D$15 -> 0 | F19: =Tabla!M18*Tabla!$M$15 -> 0 | G19: =SUM(Tabla!N18:V18) -> 0 | H19: =G19*Tabla!$N$15 -> 0 | I19: =SUM(Tabla!W18:AE18) -> 0 | J19: =I19*Tabla!$W$15 -> 0 | K19: =SUM(Tabla!AF18:AN18) -> 0 | L19: =K19*Tabla!$AF$15 -> 0 | M19: =SUM(Tabla!AO18:AW18) -> 0 | N19: =M19*Tabla!$AO$15 -> 0 | O19: =SUM(Tabla!AX18:AY18) -> 0 | P19: =O19*Tabla!$AX$15 -> 0 | Q19: =SUM(Tabla!AZ18:BH18) -> 0 | R19: =Q19*Tabla!$AZ$1 -> 0 | S19: =SUM(Tabla!BI18:BQ18) -> 0 | T19: =S19*Tabla!$BI$15 -> 0 | U19: =SUM(E19,F19,H19,J19,L19,N19,P19,R19,T19,) -> 0
B20: Murcia Galindo Mateo Esteban | C20: Alemania | D20: =SUM(Tabla!D19:L19) -> 0 | E20: =D20*Tabla!$D$15 -> 0 | F20: =Tabla!M19*Tabla!$M$15 -> 0 | G20: =SUM(Tabla!N19:V19) -> 0 | H20: =G20*Tabla!$N$15 -> 0 | I20: =SUM(Tabla!W19:AE19) -> 0 | J20: =I20*Tabla!$W$15 -> 0 | K20: =SUM(Tabla!AF19:AN19) -> 0 | L20: =K20*Tabla!$AF$15 -> 0 | M20: =SUM(Tabla!AO19:AW19) -> 0 | N20: =M20*Tabla!$AO$15 -> 0 | O20: =SUM(Tabla!AX19:AY19) -> 0 | P20: =O20*Tabla!$AX$15 -> 0 | Q20: =SUM(Tabla!AZ19:BH19) -> 0 | R20: =Q20*Tabla!$AZ$1 -> 0 | S20: =SUM(Tabla!BI19:BQ19) -> 0 | T20: =S20*Tabla!$BI$15 -> 0 | U20: =SUM(E20,F20,H20,J20,L20,N20,P20,R20,T20,) -> 0
B21: Bogota Ortiz Mary Elizabeth | C21: Francia | D21: =SUM(Tabla!D20:L20) -> 0 | E21: =D21*Tabla!$D$15 -> 0 | F21: =Tabla!M20*Tabla!$M$15 -> 0 | G21: =SUM(Tabla!N20:V20) -> 0 | H21: =G21*Tabla!$N$15 -> 0 | I21: =SUM(Tabla!W20:AE20) -> 0 | J21: =I21*Tabla!$W$15 -> 0 | K21: =SUM(Tabla!AF20:AN20) -> 0 | L21: =K21*Tabla!$AF$15 -> 0 | M21: =SUM(Tabla!AO20:AW20) -> 0 | N21: =M21*Tabla!$AO$15 -> 0 | O21: =SUM(Tabla!AX20:AY20) -> 0 | P21: =O21*Tabla!$AX$15 -> 0 | Q21: =SUM(Tabla!AZ20:BH20) -> 0 | R21: =Q21*Tabla!$AZ$1 -> 0 | S21: =SUM(Tabla!BI20:BQ20) -> 0 | T21: =S21*Tabla!$BI$15 -> 0 | U21: =SUM(E21,F21,H21,J21,L21,N21,P21,R21,T21,) -> 0
B22: Pachon Cabra Diego Alejandro | C22: Inglaterra | D22: =SUM(Tabla!D21:L21) -> 0 | E22: =D22*Tabla!$D$15 -> 0 | F22: =Tabla!M21*Tabla!$M$15 -> 0 | G22: =SUM(Tabla!N21:V21) -> 0 | H22: =G22*Tabla!$N$15 -> 0 | I22: =SUM(Tabla!W21:AE21) -> 0 | J22: =I22*Tabla!$W$15 -> 0 | K22: =SUM(Tabla!AF21:AN21) -> 0 | L22: =K22*Tabla!$AF$15 -> 0 | M22: =SUM(Tabla!AO21:AW21) -> 0 | N22: =M22*Tabla!$AO$15 -> 0 | O22: =SUM(Tabla!AX21:AY21) -> 0 | P22: =O22*Tabla!$AX$15 -> 0 | Q22: =SUM(Tabla!AZ21:BH21) -> 0 | R22: =Q22*Tabla!$AZ$1 -> 0 | S22: =SUM(Tabla!BI21:BQ21) -> 0 | T22: =S22*Tabla!$BI$15 -> 0 | U22: =SUM(E22,F22,H22,J22,L22,N22,P22,R22,T22,) -> 0
B23: Melo Perez Olga | C23: España | D23: =SUM(Tabla!D22:L22) -> 0 | E23: =D23*Tabla!$D$15 -> 0 | F23: =Tabla!M22*Tabla!$M$15 -> 0 | G23: =SUM(Tabla!N22:V22) -> 0 | H23: =G23*Tabla!$N$15 -> 0 | I23: =SUM(Tabla!W22:AE22) -> 0 | J23: =I23*Tabla!$W$15 -> 0 | K23: =SUM(Tabla!AF22:AN22) -> 0 | L23: =K23*Tabla!$AF$15 -> 0 | M23: =SUM(Tabla!AO22:AW22) -> 0 | N23: =M23*Tabla!$AO$15 -> 0 | O23: =SUM(Tabla!AX22:AY22) -> 0 | P23: =O23*Tabla!$AX$15 -> 0 | Q23: =SUM(Tabla!AZ22:BH22) -> 0 | R23: =Q23*Tabla!$AZ$1 -> 0 | S23: =SUM(Tabla!BI22:BQ22) -> 0 | T23: =S23*Tabla!$BI$15 -> 0 | U23: =SUM(E23,F23,H23,J23,L23,N23,P23,R23,T23,) -> 0
B24: Barrero Cristancho Julian Camilo | C24: Bélgica | D24: =SUM(Tabla!D23:L23) -> 0 | E24: =D24*Tabla!$D$15 -> 0 | F24: =Tabla!M23*Tabla!$M$15 -> 0 | G24: =SUM(Tabla!N23:V23) -> 0 | H24: =G24*Tabla!$N$15 -> 0 | I24: =SUM(Tabla!W23:AE23) -> 0 | J24: =I24*Tabla!$W$15 -> 0 | K24: =SUM(Tabla!AF23:AN23) -> 0 | L24: =K24*Tabla!$AF$15 -> 0 | M24: =SUM(Tabla!AO23:AW23) -> 0 | N24: =M24*Tabla!$AO$15 -> 0 | O24: =SUM(Tabla!AX23:AY23) -> 0 | P24: =O24*Tabla!$AX$15 -> 0 | Q24: =SUM(Tabla!AZ23:BH23) -> 0 | R24: =Q24*Tabla!$AZ$1 -> 0 | S24: =SUM(Tabla!BI23:BQ23) -> 0 | T24: =S24*Tabla!$BI$15 -> 0 | U24: =SUM(E24,F24,H24,J24,L24,N24,P24,R24,T24,) -> 0
B25: Maria Catalina Vargas Sanchez | C25: Corea Del Sur | D25: =SUM(Tabla!D24:L24) -> 0 | E25: =D25*Tabla!$D$15 -> 0 | F25: =Tabla!M24*Tabla!$M$15 -> 0 | G25: =SUM(Tabla!N24:V24) -> 0 | H25: =G25*Tabla!$N$15 -> 0 | I25: =SUM(Tabla!W24:AE24) -> 0 | J25: =I25*Tabla!$W$15 -> 0 | K25: =SUM(Tabla!AF24:AN24) -> 0 | L25: =K25*Tabla!$AF$15 -> 0 | M25: =SUM(Tabla!AO24:AW24) -> 0 | N25: =M25*Tabla!$AO$15 -> 0 | O25: =SUM(Tabla!AX24:AY24) -> 0 | P25: =O25*Tabla!$AX$15 -> 0 | Q25: =SUM(Tabla!AZ24:BH24) -> 0 | R25: =Q25*Tabla!$AZ$1 -> 0 | S25: =SUM(Tabla!BI24:BQ24) -> 0 | T25: =S25*Tabla!$BI$15 -> 0 | U25: =SUM(E25,F25,H25,J25,L25,N25,P25,R25,T25,) -> 0
B26: Jessica Andrea Diaz Hernandez | C26: Croacia | D26: =SUM(Tabla!D25:L25) -> 0 | E26: =D26*Tabla!$D$15 -> 0 | F26: =Tabla!M25*Tabla!$M$15 -> 0 | G26: =SUM(Tabla!N25:V25) -> 0 | H26: =G26*Tabla!$N$15 -> 0 | I26: =SUM(Tabla!W25:AE25) -> 0 | J26: =I26*Tabla!$W$15 -> 0 | K26: =SUM(Tabla!AF25:AN25) -> 0 | L26: =K26*Tabla!$AF$15 -> 0 | M26: =SUM(Tabla!AO25:AW25) -> 0 | N26: =M26*Tabla!$AO$15 -> 0 | O26: =SUM(Tabla!AX25:AY25) -> 0 | P26: =O26*Tabla!$AX$15 -> 0 | Q26: =SUM(Tabla!AZ25:BH25) -> 0 | R26: =Q26*Tabla!$AZ$1 -> 0 | S26: =SUM(Tabla!BI25:BQ25) -> 0 | T26: =S26*Tabla!$BI$15 -> 0 | U26: =SUM(E26,F26,H26,J26,L26,N26,P26,R26,T26,) -> 0
